id;nom;prenom;email;street;telephone
1;auparavant égoïste;délectable autour prout;Celestine.Garnier@yahoo.fr;Quai de la Victoire;+33 471750334
2;à raison de ha vouh;contredire malgré;Fulgence_Marty@hotmail.fr;Rue de Solférino;0304596149
3;du moment que smack sauvage;efficace en outre de;Raoul.Renaud@yahoo.fr;Voie Saint-Séverin;+33 223690122
4;de façon que géométrique;alors que pourvu que souple;Ameline.Dufour@gmail.com;Impasse de Provence;+33 450088355
5;précisément;abaisser tchou tchouu ci;Narcisse25@gmail.com;Boulevard Delesseux;+33 656475794
6;près de ouah;psitt;Evangeline.Faure@hotmail.fr;Place du Faubourg Saint-Honoré;0782904960
7;d’autant que;pourvu que a;Cedric.Guyot12@gmail.com;Impasse Delesseux;+33 717122087
8;terriblement fade défendre;gigantesque à seule fin de drôlement;Cedric_Leroy87@hotmail.fr;Impasse Monsieur-le-Prince;0780583374
9;si bien que jeune enfant a;ding;Nadine.Julien32@hotmail.fr;Boulevard Adolphe Mille;0354468244
10;coac coac guide dring;placide évaluer membre à vie;Leonard_Martinez72@gmail.com;Avenue Saint-Bernard;+33 624333710
